core_util,cell_pad_global,cell_pad_detail,synth_flatten,pin_layer,above_layer,tns,lb_addon,cts_size,cts_diameter,enable_dpo,clk_period
34,2,1,0,0.6896213755831799,0.477267633452087,83,0.8033601718732326,35,102,0,478.48878846778655
63,3,3,1,0.23231100028256288,0.2294857447585444,76,0.4912440206925579,19,92,1,508.7650693397596
54,0,2,0,0.5207509148940361,0.5133822480898661,94,0.7512801020758589,36,103,0,461.63740443413224
57,2,3,0,0.25766849253669855,0.20168661735837543,90,0.2800044384808338,13,107,1,330.71188925730905
69,0,4,1,0.37076469958932734,0.6737044827265273,96,0.9339936589010378,27,107,1,432.8809949940532

